"DESCRIPTION","DURATION IN MS","NAME","PARENT SUITE","START TIME","STATUS","STOP TIME","SUB SUITE","SUITE","TEST CLASS","TEST METHOD"
"","15808","[banner_with_steps] opens the sign up form","chromium","2026-06-16","passed","2026-06-16","[CYSEC PL] Trading / Learn / Technical analysis","content\trading.spec.ts","",""
"","8707","[background_banner_block_btn1_signup] opens the sign up form","chromium","2026-06-16","passed","2026-06-16","[CMA AR] Trading / Learn / All resources","content\trading.spec.ts","",""
"","15840","Login button opens the login form","chromium","2026-06-16","passed","2026-06-16","[CYSEC HU] Header auth entry","header\header-auth.spec.ts","",""
"","15700","Entity matches the license","chromium","2026-06-16","passed","2026-06-16","[CYSEC EN] Header regional settings","header\header-regional-settings.spec.ts","",""
"","10077","Switching language keeps the license","chromium","2026-06-16","passed","2026-06-16","[CMA AR] Header regional settings","header\header-regional-settings.spec.ts","",""
"","8870","Logo opens main page","chromium","2026-06-16","passed","2026-06-16","[SCB ZH_HANT] Header navigation","header\header-navigation.spec.ts","",""
"","9492","[banner_with_steps] opens the sign up form","chromium","2026-06-16","passed","2026-06-16","[FCA EN] Pricing / Pricing","content\pricing.spec.ts","",""
"","15435","[banner_with_steps] opens the sign up form","chromium","2026-06-16","passed","2026-06-16","[CYSEC HU] Trading / Learn / All resources","content\trading.spec.ts","",""
"","9132","[banner_with_steps] opens the sign up form","chromium","2026-06-16","passed","2026-06-16","[SCB FR] Trading / Learn / Trading psychology","content\trading.spec.ts","",""
"","15839","Logo opens main page","chromium","2026-06-16","passed","2026-06-16","[CYSEC HU] Header navigation","header\header-navigation.spec.ts","",""
"","8547","[background_banner_block_btn1_signup] opens the sign up form","chromium","2026-06-16","passed","2026-06-16","[SCB ZH_HANT] Trading / Learn / All resources","content\trading.spec.ts","",""
"","15783","Regional settings opens","chromium","2026-06-16","passed","2026-06-16","[CYSEC NL] Header regional settings","header\header-regional-settings.spec.ts","",""
"","15462","Country dropdown opens with a search box","chromium","2026-06-16","passed","2026-06-16","[CYSEC EN] Header regional settings","header\header-regional-settings.spec.ts","",""
"","15192","[banner_with_steps] opens the sign up form","chromium","2026-06-16","passed","2026-06-16","[CYSEC FR] Pricing / Pricing","content\pricing.spec.ts","",""
"","8486","[banner_with_steps] opens the sign up form","chromium","2026-06-16","passed","2026-06-16","[ASIC EN] Trading / Learn / Technical analysis","content\trading.spec.ts","",""
"","16066","Cyprus can be selected","chromium","2026-06-16","passed","2026-06-16","[CYSEC EL] Header regional settings","header\header-regional-settings.spec.ts","",""
"","15402","[banner_with_steps] opens the sign up form","chromium","2026-06-16","passed","2026-06-16","[CYSEC DE] Trading / Learn / Trading psychology","content\trading.spec.ts","",""
"","8727","[background_banner_block_btn1_signup] opens the sign up form","chromium","2026-06-16","passed","2026-06-16","[SCB FR] Trading / Learn / All resources","content\trading.spec.ts","",""
"","15699","Logo opens main page","chromium","2026-06-16","passed","2026-06-16","[CYSEC IT] Header navigation","header\header-navigation.spec.ts","",""
"","9118","Logo opens main page","chromium","2026-06-16","passed","2026-06-16","[CMA EN] Header navigation","header\header-navigation.spec.ts","",""
"","15597","Entity matches the license","chromium","2026-06-16","passed","2026-06-16","[CYSEC PL] Header regional settings","header\header-regional-settings.spec.ts","",""
"","15152","[banner_with_steps] opens the sign up form","chromium","2026-06-16","passed","2026-06-16","[CYSEC DE] Trading / Learn / Trading strategies","content\trading.spec.ts","",""
"","15292","[banner_in_body_block_btn1_signup] opens the sign up form","chromium","2026-06-16","passed","2026-06-16","[CYSEC IT] Trading / Learn / Webinars","content\trading.spec.ts","",""
"","15339","[background_banner_block_btn2_demo] opens the sign up form","chromium","2026-06-16","passed","2026-06-16","[CYSEC IT] Trading / Learn / Trading strategies","content\trading.spec.ts","",""
"","15569","Switching language keeps the license","chromium","2026-06-16","passed","2026-06-16","[SCB ZH_HANS] Header regional settings","header\header-regional-settings.spec.ts","",""
"","8835","[banner_with_steps] opens the sign up form","chromium","2026-06-16","passed","2026-06-16","[SCB ZH_HANT] Pricing / Pricing","content\pricing.spec.ts","",""
"","15270","[banner_with_steps] opens the sign up form","chromium","2026-06-16","passed","2026-06-16","[CYSEC HU] Pricing / Pricing","content\pricing.spec.ts","",""
"","9042","Regional settings opens","chromium","2026-06-16","passed","2026-06-16","[SCB DE] Header regional settings","header\header-regional-settings.spec.ts","",""
"","9407","Logo opens main page","chromium","2026-06-16","passed","2026-06-16","[FCA EN] Header navigation","header\header-navigation.spec.ts","",""
"","8675","[banner_with_steps] opens the sign up form","chromium","2026-06-16","passed","2026-06-16","[SCB ES] Trading / Learn / Trading strategies","content\trading.spec.ts","",""
"","16243","Regional settings opens","chromium","2026-06-16","passed","2026-06-16","[CYSEC EN] Header regional settings","header\header-regional-settings.spec.ts","",""
"","8446","[banner_with_steps] opens the sign up form","chromium","2026-06-16","passed","2026-06-16","[ASIC EN] Trading / Learn / All resources","content\trading.spec.ts","",""
"","15977","Cyprus appears in the country search results","chromium","2026-06-16","passed","2026-06-16","[CYSEC EN] Header regional settings","header\header-regional-settings.spec.ts","",""
"","15230","[background_banner_block_btn1_signup] opens the sign up form","chromium","2026-06-16","passed","2026-06-16","[CYSEC EN] Trading / Learn / All resources","content\trading.spec.ts","",""
"","8544","[banner_with_steps] opens the sign up form","chromium","2026-06-16","passed","2026-06-16","[CMA EN] Trading / Learn / Trading strategies","content\trading.spec.ts","",""
"","9005","Login button opens the login form","chromium","2026-06-16","passed","2026-06-16","[SCB ZH_HANS] Header auth entry","header\header-auth.spec.ts","",""
"","14979","[tiles_w_img_btn2_signup] opens the sign up form","chromium","2026-06-16","skipped","2026-06-16","[CYSEC DE] Trading / Learn / Trading strategies","content\trading.spec.ts","",""
"","8381","[banner_with_steps] opens the sign up form","chromium","2026-06-16","passed","2026-06-16","[SCB ZH_HANS] Trading / Learn / Technical analysis","content\trading.spec.ts","",""
"","9643","Albania can be selected","chromium","2026-06-16","passed","2026-06-16","[SCB VI] Header regional settings","header\header-regional-settings.spec.ts","",""
"","21277","Open account button opens the sign up form","chromium","2026-06-16","passed","2026-06-16","[CYSEC EL] Header auth entry","header\header-auth.spec.ts","",""
"","8514","[background_banner_block_btn2_demo] opens the sign up form","chromium","2026-06-16","passed","2026-06-16","[SCB RU] Trading / Learn / All resources","content\trading.spec.ts","",""
"","8417","[tiles_w_img_btn2_signup] opens the sign up form","chromium","2026-06-16","skipped","2026-06-16","[SCB DE] Trading / Learn / Trading strategies","content\trading.spec.ts","",""
"","8443","[background_banner_block_btn2_demo] opens the sign up form","chromium","2026-06-16","passed","2026-06-16","[CMA AR] Trading / Learn / Trading strategies","content\trading.spec.ts","",""
"","14935","[tiles_w_img_btn2_signup] opens the sign up form","chromium","2026-06-16","skipped","2026-06-16","[CYSEC FR] Trading / Learn / Trading strategies","content\trading.spec.ts","",""
"","15519","Logo opens main page","chromium","2026-06-16","passed","2026-06-16","[CYSEC RO] Header navigation","header\header-navigation.spec.ts","",""
"","9042","Albania appears in the country search results","chromium","2026-06-16","passed","2026-06-16","[SCB DE] Header regional settings","header\header-regional-settings.spec.ts","",""
"","8681","[banner_with_steps] opens the sign up form","chromium","2026-06-16","passed","2026-06-16","[SCB DE] Trading / Learn / Trading strategies","content\trading.spec.ts","",""
"","15129","[background_banner_block_btn2_demo] opens the sign up form","chromium","2026-06-16","passed","2026-06-16","[CYSEC HU] Trading / Learn / Trading strategies","content\trading.spec.ts","",""
"","15731","Regional settings opens","chromium","2026-06-16","passed","2026-06-16","[CYSEC PL] Header regional settings","header\header-regional-settings.spec.ts","",""
"","8565","[banner_with_steps] opens the sign up form","chromium","2026-06-16","passed","2026-06-16","[ASIC EN] Trading / Learn / Trading strategies","content\trading.spec.ts","",""
"","15878","Country dropdown opens with a search box","chromium","2026-06-16","passed","2026-06-16","[CYSEC IT] Header regional settings","header\header-regional-settings.spec.ts","",""
"","15187","[banner_with_steps] opens the sign up form","chromium","2026-06-16","passed","2026-06-16","[CYSEC HU] Trading / Learn / Trading strategies","content\trading.spec.ts","",""
"","15704","[background_banner_block_btn1_signup] opens the sign up form","chromium","2026-06-16","passed","2026-06-16","[CYSEC IT] Trading / Learn / All resources","content\trading.spec.ts","",""
"","8617","[banner_with_steps] opens the sign up form","chromium","2026-06-16","passed","2026-06-16","[SCB ZH_HANT] Trading / Learn / Trading psychology","content\trading.spec.ts","",""
"","8565","[banner_with_steps] opens the sign up form","chromium","2026-06-16","passed","2026-06-16","[SCB ES] Trading / Learn / Trading psychology","content\trading.spec.ts","",""
"","15867","Cyprus appears in the country search results","chromium","2026-06-16","passed","2026-06-16","[CYSEC PL] Header regional settings","header\header-regional-settings.spec.ts","",""
"","15173","[background_banner_block_btn1_signup] opens the sign up form","chromium","2026-06-16","passed","2026-06-16","[CYSEC HU] Trading / Learn / All resources","content\trading.spec.ts","",""
"","15521","[background_banner_block_btn1_signup] opens the sign up form","chromium","2026-06-16","passed","2026-06-16","[CYSEC FR] Trading / Learn / All resources","content\trading.spec.ts","",""
"","15768","Login button opens the login form","chromium","2026-06-16","passed","2026-06-16","[CYSEC DE] Header auth entry","header\header-auth.spec.ts","",""
"","8472","[banner_with_steps] opens the sign up form","chromium","2026-06-16","passed","2026-06-16","[SCB EN] Trading / Learn / Trading strategies","content\trading.spec.ts","",""
"","8866","Regional settings opens","chromium","2026-06-16","passed","2026-06-16","[SCB ZH_HANT] Header regional settings","header\header-regional-settings.spec.ts","",""
"","9145","Albania can be selected","chromium","2026-06-16","passed","2026-06-16","[SCB MN] Header regional settings","header\header-regional-settings.spec.ts","",""
"","9101","Logo opens main page","chromium","2026-06-16","passed","2026-06-16","[SCB FR] Header navigation","header\header-navigation.spec.ts","",""
"","9088","[banner_with_steps] opens the sign up form","chromium","2026-06-16","passed","2026-06-16","[SCB EN] Trading / Learn / All resources","content\trading.spec.ts","",""
"","8565","[banner_with_steps] opens the sign up form","chromium","2026-06-16","passed","2026-06-16","[CMA AR] Pricing / Pricing","content\pricing.spec.ts","",""
"","9139","Albania can be selected","chromium","2026-06-16","passed","2026-06-16","[SCB RU] Header regional settings","header\header-regional-settings.spec.ts","",""
"","8894","Regional settings opens","chromium","2026-06-16","passed","2026-06-16","[SCB FR] Header regional settings","header\header-regional-settings.spec.ts","",""
"","14213","Country dropdown opens with a search box","chromium","2026-06-16","passed","2026-06-16","[SCB MN] Header regional settings","header\header-regional-settings.spec.ts","",""
"","8617","[background_banner_block_btn1_signup] opens the sign up form","chromium","2026-06-16","passed","2026-06-16","[CMA AR] Trading / Learn / Trading strategies","content\trading.spec.ts","",""
"","9153","United Arab Emirates can be selected","chromium","2026-06-16","passed","2026-06-16","[CMA EN] Header regional settings","header\header-regional-settings.spec.ts","",""
"","16049","Country dropdown opens with a search box","chromium","2026-06-16","passed","2026-06-16","[CYSEC HU] Header regional settings","header\header-regional-settings.spec.ts","",""
"","9034","Country dropdown opens with a search box","chromium","2026-06-16","passed","2026-06-16","[CMA EN] Header regional settings","header\header-regional-settings.spec.ts","",""
"","8487","[background_banner_block_btn2_demo] opens the sign up form","chromium","2026-06-16","passed","2026-06-16","[CMA AR] Trading / Learn / All resources","content\trading.spec.ts","",""
"","8946","[banner_with_steps] opens the sign up form","chromium","2026-06-16","passed","2026-06-16","[SCB EN] Pricing / Pricing","content\pricing.spec.ts","",""
"","15449","Logo opens main page","chromium","2026-06-16","passed","2026-06-16","[CYSEC NL] Header navigation","header\header-navigation.spec.ts","",""
"","15287","Open account button opens the sign up form","chromium","2026-06-16","passed","2026-06-16","[CYSEC DE] Header auth entry","header\header-auth.spec.ts","",""
"","8750","[background_banner_block_btn1_signup] opens the sign up form","chromium","2026-06-16","passed","2026-06-16","[SCB DE] Trading / Learn / Trading strategies","content\trading.spec.ts","",""
"","22659","Regional settings opens","chromium","2026-06-16","passed","2026-06-16","[CYSEC DE] Header regional settings","header\header-regional-settings.spec.ts","",""
"","16896","Switching language keeps the license","chromium","2026-06-16","passed","2026-06-16","[CYSEC EN] Header regional settings","header\header-regional-settings.spec.ts","",""
"","9237","Logo opens main page","chromium","2026-06-16","passed","2026-06-16","[SCB AR] Header navigation","header\header-navigation.spec.ts","",""
"","8611","[background_banner_block_btn2_demo] opens the sign up form","chromium","2026-06-16","passed","2026-06-16","[SCB EN] Trading / Learn / All resources","content\trading.spec.ts","",""
"","16068","Cyprus appears in the country search results","chromium","2026-06-16","passed","2026-06-16","[CYSEC DE] Header regional settings","header\header-regional-settings.spec.ts","",""
"","15172","[banner_with_steps] opens the sign up form","chromium","2026-06-16","passed","2026-06-16","[CYSEC IT] Trading / Learn / Trading strategies","content\trading.spec.ts","",""
"","15214","[background_banner_block_btn2_demo] opens the sign up form","chromium","2026-06-16","passed","2026-06-16","[CYSEC NL] Trading / Learn / All resources","content\trading.spec.ts","",""
"","9122","Logo opens main page","chromium","2026-06-16","passed","2026-06-16","[SCB RU] Header navigation","header\header-navigation.spec.ts","",""
"","8765","Open account button opens the sign up form","chromium","2026-06-16","passed","2026-06-16","[CMA AR] Header auth entry","header\header-auth.spec.ts","",""
"","8868","[background_banner_block_btn1_signup] opens the sign up form","chromium","2026-06-16","passed","2026-06-16","[FCA EN] Trading / Learn / All resources","content\trading.spec.ts","",""
"","9337","[banner_with_steps] opens the sign up form","chromium","2026-06-16","passed","2026-06-16","[CMA AR] Trading / Learn / Technical analysis","content\trading.spec.ts","",""
"","16852","Switching language keeps the license","chromium","2026-06-16","passed","2026-06-16","[CYSEC RO] Header regional settings","header\header-regional-settings.spec.ts","",""
"","9294","Albania can be selected","chromium","2026-06-16","passed","2026-06-16","[SCB ZH_HANS] Header regional settings","header\header-regional-settings.spec.ts","",""
"","15946","Login button opens the login form","chromium","2026-06-16","passed","2026-06-16","[CYSEC EL] Header auth entry","header\header-auth.spec.ts","",""
"","15020","[tiles_w_img_btn2_signup] opens the sign up form","chromium","2026-06-16","skipped","2026-06-16","[CYSEC EN] Trading / Learn / Trading strategies","content\trading.spec.ts","",""
"","15992","Country dropdown opens with a search box","chromium","2026-06-16","passed","2026-06-16","[CYSEC DE] Header regional settings","header\header-regional-settings.spec.ts","",""
"","8492","[background_banner_block_btn1_signup] opens the sign up form","chromium","2026-06-16","passed","2026-06-16","[SCB FR] Trading / Learn / Trading strategies","content\trading.spec.ts","",""
"","8549","[background_banner_block_btn2_demo] opens the sign up form","chromium","2026-06-16","passed","2026-06-16","[SCB ZH_HANT] Trading / Learn / Trading strategies","content\trading.spec.ts","",""
"","8439","[tiles_w_img_btn2_signup] opens the sign up form","chromium","2026-06-16","skipped","2026-06-16","[SCB ZH_HANT] Trading / Learn / Trading strategies","content\trading.spec.ts","",""
"","15575","[banner_with_steps] opens the sign up form","chromium","2026-06-16","passed","2026-06-16","[CYSEC EN] Trading / Learn / Trading psychology","content\trading.spec.ts","",""
"","15293","[tiles_w_img_btn2_signup] opens the sign up form","chromium","2026-06-16","skipped","2026-06-16","[CYSEC IT] Trading / Learn / Trading strategies","content\trading.spec.ts","",""
"","10800","Regional settings opens","chromium","2026-06-16","passed","2026-06-16","[SCB AR] Header regional settings","header\header-regional-settings.spec.ts","",""
"","9168","Albania can be selected","chromium","2026-06-16","passed","2026-06-16","[SCB ES] Header regional settings","header\header-regional-settings.spec.ts","",""
"","15872","Cyprus appears in the country search results","chromium","2026-06-16","passed","2026-06-16","[CYSEC HU] Header regional settings","header\header-regional-settings.spec.ts","",""
"","16116","[background_banner_block_btn2_demo] opens the sign up form","chromium","2026-06-16","passed","2026-06-16","[CYSEC EL] Trading / Learn / All resources","content\trading.spec.ts","",""
"","8387","[background_banner_block_btn1_signup] opens the sign up form","chromium","2026-06-16","passed","2026-06-16","[SCB ZH_HANS] Trading / Learn / Trading strategies","content\trading.spec.ts","",""
"","8646","[background_banner_block_btn2_demo] opens the sign up form","chromium","2026-06-16","passed","2026-06-16","[SCB AR] Trading / Learn / Trading strategies","content\trading.spec.ts","",""
"","8544","[banner_with_steps] opens the sign up form","chromium","2026-06-16","passed","2026-06-16","[SCB ZH_HANT] Trading / Learn / Technical analysis","content\trading.spec.ts","",""
"","8751","Entity matches the license","chromium","2026-06-16","passed","2026-06-16","[SCB VI] Header regional settings","header\header-regional-settings.spec.ts","",""
"","15141","[banner_with_steps] opens the sign up form","chromium","2026-06-16","passed","2026-06-16","[CYSEC IT] Trading / Learn / Trading psychology","content\trading.spec.ts","",""
"","8685","Entity matches the license","chromium","2026-06-16","passed","2026-06-16","[SCB RU] Header regional settings","header\header-regional-settings.spec.ts","",""
"","8377","[background_banner_block_btn2_demo] opens the sign up form","chromium","2026-06-16","passed","2026-06-16","[SCB AR] Trading / Learn / All resources","content\trading.spec.ts","",""
"","20095","Regional settings opens","chromium","2026-06-16","passed","2026-06-16","[SCB RU] Header regional settings","header\header-regional-settings.spec.ts","",""
"","15573","Country dropdown opens with a search box","chromium","2026-06-16","passed","2026-06-16","[SCB ZH_HANT] Header regional settings","header\header-regional-settings.spec.ts","",""
"","15642","Logo opens main page","chromium","2026-06-16","passed","2026-06-16","[CYSEC PL] Header navigation","header\header-navigation.spec.ts","",""
"","8330","[tiles_w_img_btn2_signup] opens the sign up form","chromium","2026-06-16","skipped","2026-06-16","[SCB ZH_HANS] Trading / Learn / Trading strategies","content\trading.spec.ts","",""
"","8514","[banner_with_steps] opens the sign up form","chromium","2026-06-16","passed","2026-06-16","[SCB AR] Trading / Learn / Technical analysis","content\trading.spec.ts","",""
"","17289","Switching language keeps the license","chromium","2026-06-16","passed","2026-06-16","[CYSEC NL] Header regional settings","header\header-regional-settings.spec.ts","",""
"","9026","Albania appears in the country search results","chromium","2026-06-16","passed","2026-06-16","[SCB AR] Header regional settings","header\header-regional-settings.spec.ts","",""
"","10802","Switching language keeps the license","chromium","2026-06-16","passed","2026-06-16","[SCB FR] Header regional settings","header\header-regional-settings.spec.ts","",""
"","8613","[background_banner_block_btn2_demo] opens the sign up form","chromium","2026-06-16","passed","2026-06-16","[SCB ZH_HANT] Trading / Learn / All resources","content\trading.spec.ts","",""
"","15257","[banner_with_steps] opens the sign up form","chromium","2026-06-16","passed","2026-06-16","[CYSEC EN] Pricing / Pricing","content\pricing.spec.ts","",""
"","8483","[banner_with_steps] opens the sign up form","chromium","2026-06-16","passed","2026-06-16","[FCA EN] Trading / Learn / Trading strategies","content\trading.spec.ts","",""
"","23838","Switching language keeps the license","chromium","2026-06-16","passed","2026-06-16","[CYSEC DE] Header regional settings","header\header-regional-settings.spec.ts","",""
"","8429","[background_banner_block_btn2_demo] opens the sign up form","chromium","2026-06-16","passed","2026-06-16","[SCB ES] Trading / Learn / Trading strategies","content\trading.spec.ts","",""
"","15105","[banner_with_steps] opens the sign up form","chromium","2026-06-16","passed","2026-06-16","[CYSEC IT] Trading / Learn / All resources","content\trading.spec.ts","",""
"","15889","Country dropdown opens with a search box","chromium","2026-06-16","passed","2026-06-16","[CYSEC FR] Header regional settings","header\header-regional-settings.spec.ts","",""
"","8353","[banner_with_steps] opens the sign up form","chromium","2026-06-16","passed","2026-06-16","[SCB ZH_HANS] Trading / Learn / Trading strategies","content\trading.spec.ts","",""
"","15177","[background_banner_block_btn2_demo] opens the sign up form","chromium","2026-06-16","passed","2026-06-16","[CYSEC PL] Trading / Learn / Trading strategies","content\trading.spec.ts","",""
"","15669","Open account button opens the sign up form","chromium","2026-06-16","passed","2026-06-16","[CYSEC PL] Header auth entry","header\header-auth.spec.ts","",""
"","15055","[background_banner_block_btn1_signup] opens the sign up form","chromium","2026-06-16","passed","2026-06-16","[CYSEC HU] Trading / Learn / Trading strategies","content\trading.spec.ts","",""
"","8450","[background_banner_block_btn1_signup] opens the sign up form","chromium","2026-06-16","passed","2026-06-16","[ASIC EN] Trading / Learn / Trading strategies","content\trading.spec.ts","",""
"","8800","Open account button opens the sign up form","chromium","2026-06-16","passed","2026-06-16","[CMA EN] Header auth entry","header\header-auth.spec.ts","",""
"","15880","Cyprus appears in the country search results","chromium","2026-06-16","passed","2026-06-16","[CYSEC FR] Header regional settings","header\header-regional-settings.spec.ts","",""
"","9280","Logo opens main page","chromium","2026-06-16","passed","2026-06-16","[SCB DE] Header navigation","header\header-navigation.spec.ts","",""
"","9609","Country dropdown opens with a search box","chromium","2026-06-16","passed","2026-06-16","[SCB AR] Header regional settings","header\header-regional-settings.spec.ts","",""
"","15709","Login button opens the login form","chromium","2026-06-16","passed","2026-06-16","[CYSEC RO] Header auth entry","header\header-auth.spec.ts","",""
"","16652","Cyprus can be selected","chromium","2026-06-16","passed","2026-06-16","[CYSEC DE] Header regional settings","header\header-regional-settings.spec.ts","",""
"","9219","Login button opens the login form","chromium","2026-06-16","passed","2026-06-16","[SCB MN] Header auth entry","header\header-auth.spec.ts","",""
"","9051","Country dropdown opens with a search box","chromium","2026-06-16","passed","2026-06-16","[SCB ZH_HANS] Header regional settings","header\header-regional-settings.spec.ts","",""
"","15439","[banner_with_steps] opens the sign up form","chromium","2026-06-16","passed","2026-06-16","[CYSEC EL] Trading / Learn / Trading psychology","content\trading.spec.ts","",""
"","9186","Open account button opens the sign up form","chromium","2026-06-16","passed","2026-06-16","[SCB DE] Header auth entry","header\header-auth.spec.ts","",""
"","8619","[banner_with_steps] opens the sign up form","chromium","2026-06-16","passed","2026-06-16","[SCB RU] Trading / Learn / Trading strategies","content\trading.spec.ts","",""
"","9218","Albania appears in the country search results","chromium","2026-06-16","passed","2026-06-16","[SCB RU] Header regional settings","header\header-regional-settings.spec.ts","",""
"","16865","Switching language keeps the license","chromium","2026-06-16","passed","2026-06-16","[CYSEC HU] Header regional settings","header\header-regional-settings.spec.ts","",""
"","8786","Open account button opens the sign up form","chromium","2026-06-16","passed","2026-06-16","[SCB VI] Header auth entry","header\header-auth.spec.ts","",""
"","15798","Regional settings opens","chromium","2026-06-16","passed","2026-06-16","[CYSEC IT] Header regional settings","header\header-regional-settings.spec.ts","",""
"","15859","Country dropdown opens with a search box","chromium","2026-06-16","passed","2026-06-16","[CYSEC NL] Header regional settings","header\header-regional-settings.spec.ts","",""
"","8801","Entity matches the license","chromium","2026-06-16","passed","2026-06-16","[CMA EN] Header regional settings","header\header-regional-settings.spec.ts","",""
"","15005","[tiles_w_img_btn2_signup] opens the sign up form","chromium","2026-06-16","skipped","2026-06-16","[CYSEC NL] Trading / Learn / Trading strategies","content\trading.spec.ts","",""
"","15050","[banner_with_steps] opens the sign up form","chromium","2026-06-16","passed","2026-06-16","[CYSEC EL] Trading / Learn / All resources","content\trading.spec.ts","",""
"","9121","Albania can be selected","chromium","2026-06-16","passed","2026-06-16","[SCB FR] Header regional settings","header\header-regional-settings.spec.ts","",""
"","15412","[banner_with_steps] opens the sign up form","chromium","2026-06-16","passed","2026-06-16","[CYSEC NL] Trading / Learn / Trading psychology","content\trading.spec.ts","",""
"","16054","Cyprus can be selected","chromium","2026-06-16","passed","2026-06-16","[CYSEC RO] Header regional settings","header\header-regional-settings.spec.ts","",""
"","9000","Country dropdown opens with a search box","chromium","2026-06-16","passed","2026-06-16","[CMA AR] Header regional settings","header\header-regional-settings.spec.ts","",""
"","8740","[background_banner_block_btn2_demo] opens the sign up form","chromium","2026-06-16","passed","2026-06-16","[SCB FR] Trading / Learn / Trading strategies","content\trading.spec.ts","",""
"","8999","Albania appears in the country search results","chromium","2026-06-16","passed","2026-06-16","[SCB ZH_HANT] Header regional settings","header\header-regional-settings.spec.ts","",""
"","16877","Switching language keeps the license","chromium","2026-06-16","passed","2026-06-16","[CYSEC EL] Header regional settings","header\header-regional-settings.spec.ts","",""
"","8673","[banner_with_steps] opens the sign up form","chromium","2026-06-16","passed","2026-06-16","[SCB EN] Trading / Learn / Technical analysis","content\trading.spec.ts","",""
"","15297","[background_banner_block_btn2_demo] opens the sign up form","chromium","2026-06-16","passed","2026-06-16","[CYSEC EL] Trading / Learn / Trading strategies","content\trading.spec.ts","",""
"","8660","[banner_with_steps] opens the sign up form","chromium","2026-06-16","passed","2026-06-16","[SCB ZH_HANT] Trading / Learn / Trading strategies","content\trading.spec.ts","",""
"","15518","Logo opens main page","chromium","2026-06-16","passed","2026-06-16","[CYSEC FR] Header navigation","header\header-navigation.spec.ts","",""
"","8862","Entity matches the license","chromium","2026-06-16","passed","2026-06-16","[ASIC EN] Header regional settings","header\header-regional-settings.spec.ts","",""
"","8800","[banner_with_steps] opens the sign up form","chromium","2026-06-16","passed","2026-06-16","[SCB FR] Trading / Learn / All resources","content\trading.spec.ts","",""
"","8689","[banner_with_steps] opens the sign up form","chromium","2026-06-16","passed","2026-06-16","[CMA EN] Trading / Learn / Trading psychology","content\trading.spec.ts","",""
"","8677","[banner_with_steps] opens the sign up form","chromium","2026-06-16","passed","2026-06-16","[SCB ZH_HANS] Trading / Learn / All resources","content\trading.spec.ts","",""
"","8435","[tiles_w_img_btn2_signup] opens the sign up form","chromium","2026-06-16","skipped","2026-06-16","[SCB ES] Trading / Learn / Trading strategies","content\trading.spec.ts","",""
"","8988","Login button opens the login form","chromium","2026-06-16","passed","2026-06-16","[SCB VI] Header auth entry","header\header-auth.spec.ts","",""
"","8495","[background_banner_block_btn2_demo] opens the sign up form","chromium","2026-06-16","passed","2026-06-16","[FCA EN] Trading / Learn / All resources","content\trading.spec.ts","",""
"","9059","[banner_with_steps] opens the sign up form","chromium","2026-06-16","passed","2026-06-16","[ASIC EN] Pricing / Pricing","content\pricing.spec.ts","",""
"","8708","Login button opens the login form","chromium","2026-06-16","passed","2026-06-16","[SCB FR] Header auth entry","header\header-auth.spec.ts","",""
"","15735","Entity matches the license","chromium","2026-06-16","passed","2026-06-16","[CYSEC NL] Header regional settings","header\header-regional-settings.spec.ts","",""
"","9197","Albania can be selected","chromium","2026-06-16","passed","2026-06-16","[SCB DE] Header regional settings","header\header-regional-settings.spec.ts","",""
"","16137","Cyprus can be selected","chromium","2026-06-16","passed","2026-06-16","[CYSEC EN] Header regional settings","header\header-regional-settings.spec.ts","",""
"","8876","[banner_with_steps] opens the sign up form","chromium","2026-06-16","passed","2026-06-16","[SCB MN] Pricing / Pricing","content\pricing.spec.ts","",""
"","15572","[banner_with_steps] opens the sign up form","chromium","2026-06-16","passed","2026-06-16","[CYSEC EL] Trading / Learn / Trading strategies","content\trading.spec.ts","",""
"","16260","Cyprus can be selected","chromium","2026-06-16","passed","2026-06-16","[CYSEC PL] Header regional settings","header\header-regional-settings.spec.ts","",""
"","9131","United Arab Emirates can be selected","chromium","2026-06-16","passed","2026-06-16","[CMA AR] Header regional settings","header\header-regional-settings.spec.ts","",""
"","8823","Entity matches the license","chromium","2026-06-16","passed","2026-06-16","[CMA AR] Header regional settings","header\header-regional-settings.spec.ts","",""
"","8383","[background_banner_block_btn1_signup] opens the sign up form","chromium","2026-06-16","passed","2026-06-16","[SCB AR] Trading / Learn / All resources","content\trading.spec.ts","",""
"","8625","[banner_with_steps] opens the sign up form","chromium","2026-06-16","passed","2026-06-16","[CMA AR] Trading / Learn / All resources","content\trading.spec.ts","",""
"","21884","Login button opens the login form","chromium","2026-06-16","passed","2026-06-16","[CYSEC PL] Header auth entry","header\header-auth.spec.ts","",""
"","8887","Open account button opens the sign up form","chromium","2026-06-16","passed","2026-06-16","[SCB ZH_HANT] Header auth entry","header\header-auth.spec.ts","",""
"","15258","[banner_with_steps] opens the sign up form","chromium","2026-06-16","passed","2026-06-16","[CYSEC RO] Pricing / Pricing","content\pricing.spec.ts","",""
"","10515","Switching language keeps the license","chromium","2026-06-16","passed","2026-06-16","[SCB DE] Header regional settings","header\header-regional-settings.spec.ts","",""
"","8670","[banner_with_steps] opens the sign up form","chromium","2026-06-16","passed","2026-06-16","[SCB ZH_HANT] Trading / Learn / All resources","content\trading.spec.ts","",""
"","15259","[background_banner_block_btn2_demo] opens the sign up form","chromium","2026-06-16","passed","2026-06-16","[CYSEC RO] Trading / Learn / All resources","content\trading.spec.ts","",""
"","8485","[banner_with_steps] opens the sign up form","chromium","2026-06-16","passed","2026-06-16","[SCB AR] Trading / Learn / All resources","content\trading.spec.ts","",""
"","16388","[background_banner_block_btn1_signup] opens the sign up form","chromium","2026-06-16","passed","2026-06-16","[CYSEC IT] Trading / Learn / Trading strategies","content\trading.spec.ts","",""
"","8965","Regional settings opens","chromium","2026-06-16","passed","2026-06-16","[SCB ES] Header regional settings","header\header-regional-settings.spec.ts","",""
"","15099","[background_banner_block_btn1_signup] opens the sign up form","chromium","2026-06-16","passed","2026-06-16","[CYSEC FR] Trading / Learn / Trading strategies","content\trading.spec.ts","",""
"","8679","Entity matches the license","chromium","2026-06-16","passed","2026-06-16","[SCB ES] Header regional settings","header\header-regional-settings.spec.ts","",""
"","15219","[background_banner_block_btn2_demo] opens the sign up form","chromium","2026-06-16","passed","2026-06-16","[CYSEC NL] Trading / Learn / Trading strategies","content\trading.spec.ts","",""
"","15412","[banner_with_steps] opens the sign up form","chromium","2026-06-16","passed","2026-06-16","[CYSEC HU] Trading / Learn / Trading psychology","content\trading.spec.ts","",""
"","9491","Open account button opens the sign up form","chromium","2026-06-16","passed","2026-06-16","[SCB MN] Header auth entry","header\header-auth.spec.ts","",""
"","15123","[banner_with_steps] opens the sign up form","chromium","2026-06-16","passed","2026-06-16","[CYSEC PL] Trading / Learn / Trading strategies","content\trading.spec.ts","",""
"","8919","Albania appears in the country search results","chromium","2026-06-16","passed","2026-06-16","[SCB MN] Header regional settings","header\header-regional-settings.spec.ts","",""
"","8772","[banner_with_steps] opens the sign up form","chromium","2026-06-16","passed","2026-06-16","[SCB RU] Trading / Learn / All resources","content\trading.spec.ts","",""
"","9216","Albania appears in the country search results","chromium","2026-06-16","passed","2026-06-16","[SCB ZH_HANS] Header regional settings","header\header-regional-settings.spec.ts","",""
"","8980","[background_banner_block_btn2_demo] opens the sign up form","chromium","2026-06-16","passed","2026-06-16","[SCB RU] Trading / Learn / Trading strategies","content\trading.spec.ts","",""
"","8477","[banner_with_steps] opens the sign up form","chromium","2026-06-16","passed","2026-06-16","[SCB FR] Trading / Learn / Trading strategies","content\trading.spec.ts","",""
"","15075","[background_banner_block_btn1_signup] opens the sign up form","chromium","2026-06-16","passed","2026-06-16","[CYSEC PL] Trading / Learn / Trading strategies","content\trading.spec.ts","",""
"","9356","Logo opens main page","chromium","2026-06-16","passed","2026-06-16","[SCB ZH_HANS] Header navigation","header\header-navigation.spec.ts","",""
"","8968","Albania appears in the country search results","chromium","2026-06-16","passed","2026-06-16","[SCB ES] Header regional settings","header\header-regional-settings.spec.ts","",""
"","8479","[banner_with_steps] opens the sign up form","chromium","2026-06-16","passed","2026-06-16","[SCB ES] Trading / Learn / Technical analysis","content\trading.spec.ts","",""
"","15299","[background_banner_block_btn1_signup] opens the sign up form","chromium","2026-06-16","passed","2026-06-16","[CYSEC EL] Trading / Learn / All resources","content\trading.spec.ts","",""
"","14960","[tiles_w_img_btn2_signup] opens the sign up form","chromium","2026-06-16","skipped","2026-06-16","[CYSEC PL] Trading / Learn / Trading strategies","content\trading.spec.ts","",""
"","9191","United Arab Emirates appears in the country search results","chromium","2026-06-16","passed","2026-06-16","[CMA AR] Header regional settings","header\header-regional-settings.spec.ts","",""
"","10366","Switching language keeps the license","chromium","2026-06-16","passed","2026-06-16","[CMA EN] Header regional settings","header\header-regional-settings.spec.ts","",""
"","14948","[tiles_w_img_btn2_signup] opens the sign up form","chromium","2026-06-16","skipped","2026-06-16","[CYSEC EL] Trading / Learn / Trading strategies","content\trading.spec.ts","",""
"","8593","Open account button opens the sign up form","chromium","2026-06-16","passed","2026-06-16","[ASIC EN] Header auth entry","header\header-auth.spec.ts","",""
"","8639","[banner_with_steps] opens the sign up form","chromium","2026-06-16","passed","2026-06-16","[SCB DE] Trading / Learn / All resources","content\trading.spec.ts","",""
"","15993","Cyprus appears in the country search results","chromium","2026-06-16","passed","2026-06-16","[CYSEC IT] Header regional settings","header\header-regional-settings.spec.ts","",""
"","15975","Cyprus can be selected","chromium","2026-06-16","passed","2026-06-16","[CYSEC NL] Header regional settings","header\header-regional-settings.spec.ts","",""
"","9856","Country dropdown opens with a search box","chromium","2026-06-16","passed","2026-06-16","[FCA EN] Header regional settings","header\header-regional-settings.spec.ts","",""
"","8704","Regional settings opens","chromium","2026-06-16","passed","2026-06-16","[FCA EN] Header regional settings","header\header-regional-settings.spec.ts","",""
"","15178","[background_banner_block_btn2_demo] opens the sign up form","chromium","2026-06-16","passed","2026-06-16","[CYSEC DE] Trading / Learn / Trading strategies","content\trading.spec.ts","",""
"","9194","Logo opens main page","chromium","2026-06-16","passed","2026-06-16","[SCB VI] Header navigation","header\header-navigation.spec.ts","",""
"","15552","Logo opens main page","chromium","2026-06-16","passed","2026-06-16","[CYSEC EN] Header navigation","header\header-navigation.spec.ts","",""
"","8688","[background_banner_block_btn1_signup] opens the sign up form","chromium","2026-06-16","passed","2026-06-16","[SCB RU] Trading / Learn / All resources","content\trading.spec.ts","",""
"","8485","[banner_with_steps] opens the sign up form","chromium","2026-06-16","passed","2026-06-16","[SCB AR] Trading / Learn / Trading strategies","content\trading.spec.ts","",""
"","15731","Open account button opens the sign up form","chromium","2026-06-16","passed","2026-06-16","[CYSEC RO] Header auth entry","header\header-auth.spec.ts","",""
"","15224","[banner_with_steps] opens the sign up form","chromium","2026-06-16","passed","2026-06-16","[CYSEC NL] Pricing / Pricing","content\pricing.spec.ts","",""
"","9455","Switching language keeps the license","chromium","2026-06-16","skipped","2026-06-16","[FCA EN] Header regional settings","header\header-regional-settings.spec.ts","",""
"","8579","[background_banner_block_btn2_demo] opens the sign up form","chromium","2026-06-16","passed","2026-06-16","[SCB DE] Trading / Learn / Trading strategies","content\trading.spec.ts","",""
"","8774","Logo opens main page","chromium","2026-06-16","passed","2026-06-16","[ASIC EN] Header navigation","header\header-navigation.spec.ts","",""
"","9451","United Kingdom appears in the country search results","chromium","2026-06-16","passed","2026-06-16","[FCA EN] Header regional settings","header\header-regional-settings.spec.ts","",""
"","15720","Entity matches the license","chromium","2026-06-16","passed","2026-06-16","[CYSEC EL] Header regional settings","header\header-regional-settings.spec.ts","",""
"","8691","Regional settings opens","chromium","2026-06-16","passed","2026-06-16","[SCB VI] Header regional settings","header\header-regional-settings.spec.ts","",""
"","8519","[tiles_w_img_btn2_signup] opens the sign up form","chromium","2026-06-16","skipped","2026-06-16","[SCB FR] Trading / Learn / Trading strategies","content\trading.spec.ts","",""
"","15177","[banner_with_steps] opens the sign up form","chromium","2026-06-16","passed","2026-06-16","[CYSEC EN] Trading / Learn / Trading strategies","content\trading.spec.ts","",""
"","15313","[background_banner_block_btn2_demo] opens the sign up form","chromium","2026-06-16","passed","2026-06-16","[CYSEC IT] Trading / Learn / All resources","content\trading.spec.ts","",""
"","8830","[background_banner_block_btn2_demo] opens the sign up form","chromium","2026-06-16","passed","2026-06-16","[SCB FR] Trading / Learn / All resources","content\trading.spec.ts","",""
"","8499","[background_banner_block_btn2_demo] opens the sign up form","chromium","2026-06-16","passed","2026-06-16","[SCB ZH_HANS] Trading / Learn / All resources","content\trading.spec.ts","",""
"","8245","[background_banner_block_btn2_demo] opens the sign up form","chromium","2026-06-16","passed","2026-06-16","[SCB ZH_HANS] Trading / Learn / Trading strategies","content\trading.spec.ts","",""
"","9280","Albania can be selected","chromium","2026-06-16","passed","2026-06-16","[SCB ZH_HANT] Header regional settings","header\header-regional-settings.spec.ts","",""
"","8437","[background_banner_block_btn2_demo] opens the sign up form","chromium","2026-06-16","passed","2026-06-16","[ASIC EN] Trading / Learn / Trading strategies","content\trading.spec.ts","",""
"","8978","[banner_with_steps] opens the sign up form","chromium","2026-06-16","passed","2026-06-16","[SCB ES] Trading / Learn / All resources","content\trading.spec.ts","",""
"","15660","Entity matches the license","chromium","2026-06-16","passed","2026-06-16","[CYSEC RO] Header regional settings","header\header-regional-settings.spec.ts","",""
"","8950","[background_banner_block_btn1_signup] opens the sign up form","chromium","2026-06-16","passed","2026-06-16","[CMA EN] Trading / Learn / All resources","content\trading.spec.ts","",""
"","8777","Regional settings opens","chromium","2026-06-16","passed","2026-06-16","[ASIC EN] Header regional settings","header\header-regional-settings.spec.ts","",""
"","10038","United Kingdom can be selected","chromium","2026-06-16","passed","2026-06-16","[FCA EN] Header regional settings","header\header-regional-settings.spec.ts","",""
"","17711","Switching language keeps the license","chromium","2026-06-16","passed","2026-06-16","[CYSEC IT] Header regional settings","header\header-regional-settings.spec.ts","",""
"","8293","[banner_with_steps] opens the sign up form","chromium","2026-06-16","passed","2026-06-16","[SCB ZH_HANS] Trading / Learn / Trading psychology","content\trading.spec.ts","",""
"","8796","Entity matches the license","chromium","2026-06-16","passed","2026-06-16","[SCB DE] Header regional settings","header\header-regional-settings.spec.ts","",""
"","9049","Country dropdown opens with a search box","chromium","2026-06-16","passed","2026-06-16","[SCB FR] Header regional settings","header\header-regional-settings.spec.ts","",""
"","15213","[banner_with_steps] opens the sign up form","chromium","2026-06-16","passed","2026-06-16","[CYSEC FR] Trading / Learn / Trading psychology","content\trading.spec.ts","",""
"","8592","[background_banner_block_btn1_signup] opens the sign up form","chromium","2026-06-16","passed","2026-06-16","[SCB AR] Trading / Learn / Trading strategies","content\trading.spec.ts","",""
"","15146","[banner_with_steps] opens the sign up form","chromium","2026-06-16","passed","2026-06-16","[CYSEC DE] Pricing / Pricing","content\pricing.spec.ts","",""
"","8413","[tiles_w_img_btn2_signup] opens the sign up form","chromium","2026-06-16","passed","2026-06-16","[FCA EN] Trading / Learn / Trading strategies","content\trading.spec.ts","",""
"","16043","Cyprus can be selected","chromium","2026-06-16","passed","2026-06-16","[CYSEC HU] Header regional settings","header\header-regional-settings.spec.ts","",""
"","9168","Logo opens main page","chromium","2026-06-16","passed","2026-06-16","[SCB MN] Header navigation","header\header-navigation.spec.ts","",""
"","8558","[background_banner_block_btn1_signup] opens the sign up form","chromium","2026-06-16","passed","2026-06-16","[SCB ZH_HANT] Trading / Learn / Trading strategies","content\trading.spec.ts","",""
"","16143","Cyprus can be selected","chromium","2026-06-16","passed","2026-06-16","[CYSEC IT] Header regional settings","header\header-regional-settings.spec.ts","",""
"","13515","[banner_with_steps] opens the sign up form","chromium","2026-06-16","failed","2026-06-16","[SCB ES] Pricing / Pricing","content\pricing.spec.ts","",""
"","9521","Logo opens main page","chromium","2026-06-16","passed","2026-06-16","[CMA AR] Header navigation","header\header-navigation.spec.ts","",""
"","15255","[background_banner_block_btn1_signup] opens the sign up form","chromium","2026-06-16","passed","2026-06-16","[CYSEC NL] Trading / Learn / All resources","content\trading.spec.ts","",""
"","16399","Regional settings opens","chromium","2026-06-16","passed","2026-06-16","[CYSEC HU] Header regional settings","header\header-regional-settings.spec.ts","",""
"","21161","Login button opens the login form","chromium","2026-06-16","passed","2026-06-16","[CYSEC NL] Header auth entry","header\header-auth.spec.ts","",""
"","8694","[tiles_w_img_btn2_signup] opens the sign up form","chromium","2026-06-16","skipped","2026-06-16","[SCB EN] Trading / Learn / Trading strategies","content\trading.spec.ts","",""
"","8656","[banner_with_steps] opens the sign up form","chromium","2026-06-16","passed","2026-06-16","[SCB EN] Trading / Learn / Trading psychology","content\trading.spec.ts","",""
"","15650","Open account button opens the sign up form","chromium","2026-06-16","passed","2026-06-16","[CYSEC IT] Header auth entry","header\header-auth.spec.ts","",""
"","15325","[background_banner_block_btn2_demo] opens the sign up form","chromium","2026-06-16","passed","2026-06-16","[CYSEC EN] Trading / Learn / Trading strategies","content\trading.spec.ts","",""
"","8518","[banner_with_steps] opens the sign up form","chromium","2026-06-16","passed","2026-06-16","[CMA EN] Trading / Learn / All resources","content\trading.spec.ts","",""
"","15564","[banner_with_steps] opens the sign up form","chromium","2026-06-16","passed","2026-06-16","[CYSEC PL] Trading / Learn / Trading psychology","content\trading.spec.ts","",""
"","8673","[background_banner_block_btn1_signup] opens the sign up form","chromium","2026-06-16","passed","2026-06-16","[SCB ES] Trading / Learn / Trading strategies","content\trading.spec.ts","",""
"","8716","Entity matches the license","chromium","2026-06-16","passed","2026-06-16","[SCB FR] Header regional settings","header\header-regional-settings.spec.ts","",""
"","11485","[banner_with_steps] opens the sign up form","chromium","2026-06-16","passed","2026-06-16","[CMA EN] Pricing / Pricing","content\pricing.spec.ts","",""
"","8377","[tiles_w_img_btn2_signup] opens the sign up form","chromium","2026-06-16","skipped","2026-06-16","[CMA AR] Trading / Learn / Trading strategies","content\trading.spec.ts","",""
"","9135","[banner_with_steps] opens the sign up form","chromium","2026-06-16","passed","2026-06-16","[FCA EN] Trading / Learn / All resources","content\trading.spec.ts","",""
"","10140","[banner_with_steps] opens the sign up form","chromium","2026-06-16","passed","2026-06-16","[SCB ZH_HANS] Pricing / Pricing","content\pricing.spec.ts","",""
"","8935","Login button opens the login form","chromium","2026-06-16","passed","2026-06-16","[SCB ES] Header auth entry","header\header-auth.spec.ts","",""
"","15966","[banner_with_steps] opens the sign up form","chromium","2026-06-16","passed","2026-06-16","[CYSEC EL] Pricing / Pricing","content\pricing.spec.ts","",""
"","8281","[tiles_w_img_btn2_signup] opens the sign up form","chromium","2026-06-16","skipped","2026-06-16","[ASIC EN] Trading / Learn / Trading strategies","content\trading.spec.ts","",""
"","10561","Switching language keeps the license","chromium","2026-06-16","passed","2026-06-16","[SCB AR] Header regional settings","header\header-regional-settings.spec.ts","",""
"","15172","[banner_with_steps] opens the sign up form","chromium","2026-06-16","passed","2026-06-16","[CYSEC NL] Trading / Learn / Trading strategies","content\trading.spec.ts","",""
"","8454","[background_banner_block_btn1_signup] opens the sign up form","chromium","2026-06-16","passed","2026-06-16","[SCB EN] Trading / Learn / All resources","content\trading.spec.ts","",""
"","8489","[background_banner_block_btn2_demo] opens the sign up form","chromium","2026-06-16","passed","2026-06-16","[FCA EN] Trading / Learn / Trading strategies","content\trading.spec.ts","",""
"","15253","[background_banner_block_btn1_signup] opens the sign up form","chromium","2026-06-16","passed","2026-06-16","[CYSEC EL] Trading / Learn / Trading strategies","content\trading.spec.ts","",""
"","8702","[banner_with_steps] opens the sign up form","chromium","2026-06-16","passed","2026-06-16","[SCB AR] Trading / Learn / Trading psychology","content\trading.spec.ts","",""
"","9643","Country dropdown opens with a search box","chromium","2026-06-16","passed","2026-06-16","[SCB VI] Header regional settings","header\header-regional-settings.spec.ts","",""
"","12710","[banner_with_steps] opens the sign up form","chromium","2026-06-16","passed","2026-06-16","[SCB RU] Pricing / Pricing","content\pricing.spec.ts","",""
"","8910","Entity matches the license","chromium","2026-06-16","passed","2026-06-16","[SCB ZH_HANS] Header regional settings","header\header-regional-settings.spec.ts","",""
"","8507","[banner_with_steps] opens the sign up form","chromium","2026-06-16","passed","2026-06-16","[SCB RU] Trading / Learn / Technical analysis","content\trading.spec.ts","",""
"","8921","Login button opens the login form","chromium","2026-06-16","passed","2026-06-16","[SCB DE] Header auth entry","header\header-auth.spec.ts","",""
"","10120","Open account button opens the sign up form","chromium","2026-06-16","passed","2026-06-16","[SCB FR] Header auth entry","header\header-auth.spec.ts","",""
"","15592","Entity matches the license","chromium","2026-06-16","passed","2026-06-16","[CYSEC DE] Header regional settings","header\header-regional-settings.spec.ts","",""
"","15217","[background_banner_block_btn1_signup] opens the sign up form","chromium","2026-06-16","passed","2026-06-16","[CYSEC PL] Trading / Learn / All resources","content\trading.spec.ts","",""
"","15608","Login button opens the login form","chromium","2026-06-16","passed","2026-06-16","[CYSEC EN] Header auth entry","header\header-auth.spec.ts","",""
"","9045","Login button opens the login form","chromium","2026-06-16","passed","2026-06-16","[CMA EN] Header auth entry","header\header-auth.spec.ts","",""
"","15211","[background_banner_block_btn2_demo] opens the sign up form","chromium","2026-06-16","passed","2026-06-16","[CYSEC DE] Trading / Learn / All resources","content\trading.spec.ts","",""
"","9003","Albania appears in the country search results","chromium","2026-06-16","passed","2026-06-16","[SCB FR] Header regional settings","header\header-regional-settings.spec.ts","",""
"","15754","Open account button opens the sign up form","chromium","2026-06-16","passed","2026-06-16","[CYSEC FR] Header auth entry","header\header-auth.spec.ts","",""
"","15722","Login button opens the login form","chromium","2026-06-16","passed","2026-06-16","[CYSEC IT] Header auth entry","header\header-auth.spec.ts","",""
"","15598","[banner_with_steps] opens the sign up form","chromium","2026-06-16","passed","2026-06-16","[CYSEC FR] Trading / Learn / Technical analysis","content\trading.spec.ts","",""
"","9130","Australia appears in the country search results","chromium","2026-06-16","passed","2026-06-16","[ASIC EN] Header regional settings","header\header-regional-settings.spec.ts","",""
"","15234","[background_banner_block_btn1_signup] opens the sign up form","chromium","2026-06-16","passed","2026-06-16","[CYSEC DE] Trading / Learn / Trading strategies","content\trading.spec.ts","",""
"","8499","[background_banner_block_btn1_signup] opens the sign up form","chromium","2026-06-16","passed","2026-06-16","[ASIC EN] Trading / Learn / All resources","content\trading.spec.ts","",""
"","15083","[banner_with_steps] opens the sign up form","chromium","2026-06-16","passed","2026-06-16","[CYSEC RO] Trading / Learn / All resources","content\trading.spec.ts","",""
"","15741","Entity matches the license","chromium","2026-06-16","passed","2026-06-16","[CYSEC HU] Header regional settings","header\header-regional-settings.spec.ts","",""
"","8556","[background_banner_block_btn1_signup] opens the sign up form","chromium","2026-06-16","passed","2026-06-16","[SCB RU] Trading / Learn / Trading strategies","content\trading.spec.ts","",""
"","9086","[background_banner_block_btn1_signup] opens the sign up form","chromium","2026-06-16","passed","2026-06-16","[SCB ES] Trading / Learn / All resources","content\trading.spec.ts","",""
"","9127","Australia can be selected","chromium","2026-06-16","passed","2026-06-16","[ASIC EN] Header regional settings","header\header-regional-settings.spec.ts","",""
"","8811","[background_banner_block_btn2_demo] opens the sign up form","chromium","2026-06-16","passed","2026-06-16","[SCB ES] Trading / Learn / All resources","content\trading.spec.ts","",""
"","9086","Country dropdown opens with a search box","chromium","2026-06-16","passed","2026-06-16","[SCB ES] Header regional settings","header\header-regional-settings.spec.ts","",""
"","11496","Switching language keeps the license","chromium","2026-06-16","passed","2026-06-16","[SCB RU] Header regional settings","header\header-regional-settings.spec.ts","",""
"","9334","[banner_with_steps] opens the sign up form","chromium","2026-06-16","passed","2026-06-16","[FCA EN] Trading / Learn / Trading psychology","content\trading.spec.ts","",""
"","9405","Login button opens the login form","chromium","2026-06-16","passed","2026-06-16","[SCB RU] Header auth entry","header\header-auth.spec.ts","",""
"","15903","Country dropdown opens with a search box","chromium","2026-06-16","passed","2026-06-16","[CYSEC EL] Header regional settings","header\header-regional-settings.spec.ts","",""
"","8415","[banner_with_steps] opens the sign up form","chromium","2026-06-16","passed","2026-06-16","[CMA AR] Trading / Learn / Trading strategies","content\trading.spec.ts","",""
"","8927","Country dropdown opens with a search box","chromium","2026-06-16","passed","2026-06-16","[SCB RU] Header regional settings","header\header-regional-settings.spec.ts","",""
"","15233","Open account button opens the sign up form","chromium","2026-06-16","passed","2026-06-16","[CYSEC HU] Header auth entry","header\header-auth.spec.ts","",""
"","9088","Open account button opens the sign up form","chromium","2026-06-16","passed","2026-06-16","[SCB AR] Header auth entry","header\header-auth.spec.ts","",""
"","9063","Entity matches the license","chromium","2026-06-16","passed","2026-06-16","[FCA EN] Header regional settings","header\header-regional-settings.spec.ts","",""
"","8437","[background_banner_block_btn1_signup] opens the sign up form","chromium","2026-06-16","passed","2026-06-16","[SCB DE] Trading / Learn / All resources","content\trading.spec.ts","",""
"","16019","Entity matches the license","chromium","2026-06-16","passed","2026-06-16","[CYSEC FR] Header regional settings","header\header-regional-settings.spec.ts","",""
"","15149","[background_banner_block_btn1_signup] opens the sign up form","chromium","2026-06-16","passed","2026-06-16","[CYSEC NL] Trading / Learn / Trading strategies","content\trading.spec.ts","",""
"","15605","Logo opens main page","chromium","2026-06-16","passed","2026-06-16","[CYSEC EL] Header navigation","header\header-navigation.spec.ts","",""
"","8609","[background_banner_block_btn2_demo] opens the sign up form","chromium","2026-06-16","passed","2026-06-16","[SCB EN] Trading / Learn / Trading strategies","content\trading.spec.ts","",""
"","16176","[background_banner_block_btn1_signup] opens the sign up form","chromium","2026-06-16","passed","2026-06-16","[CYSEC RO] Trading / Learn / All resources","content\trading.spec.ts","",""
"","8483","[background_banner_block_btn1_signup] opens the sign up form","chromium","2026-06-16","passed","2026-06-16","[SCB ZH_HANS] Trading / Learn / All resources","content\trading.spec.ts","",""
"","16854","Switching language keeps the license","chromium","2026-06-16","passed","2026-06-16","[CYSEC PL] Header regional settings","header\header-regional-settings.spec.ts","",""
"","9635","Login button opens the login form","chromium","2026-06-16","passed","2026-06-16","[FCA EN] Header auth entry","header\header-auth.spec.ts","",""
"","14682","[banner_with_steps] opens the sign up form","chromium","2026-06-16","failed","2026-06-16","[SCB AR] Pricing / Pricing","content\pricing.spec.ts","",""
"","16077","Regional settings opens","chromium","2026-06-16","passed","2026-06-16","[SCB MN] Header regional settings","header\header-regional-settings.spec.ts","",""
"","8830","Open account button opens the sign up form","chromium","2026-06-16","passed","2026-06-16","[SCB ES] Header auth entry","header\header-auth.spec.ts","",""
"","15145","[banner_with_steps] opens the sign up form","chromium","2026-06-16","passed","2026-06-16","[CYSEC NL] Trading / Learn / Technical analysis","content\trading.spec.ts","",""
"","15117","[banner_with_steps] opens the sign up form","chromium","2026-06-16","passed","2026-06-16","[CYSEC FR] Trading / Learn / Trading strategies","content\trading.spec.ts","",""
"","15430","[banner_with_steps] opens the sign up form","chromium","2026-06-16","passed","2026-06-16","[CYSEC DE] Trading / Learn / Technical analysis","content\trading.spec.ts","",""
"","9150","Open account button opens the sign up form","chromium","2026-06-16","passed","2026-06-16","[FCA EN] Header auth entry","header\header-auth.spec.ts","",""
"","15471","[banner_with_steps] opens the sign up form","chromium","2026-06-16","passed","2026-06-16","[CYSEC HU] Trading / Learn / Technical analysis","content\trading.spec.ts","",""
"","9366","[banner_with_steps] opens the sign up form","chromium","2026-06-16","passed","2026-06-16","[FCA EN] Trading / Learn / Technical analysis","content\trading.spec.ts","",""
"","8450","[tiles_w_img_btn2_signup] opens the sign up form","chromium","2026-06-16","skipped","2026-06-16","[SCB AR] Trading / Learn / Trading strategies","content\trading.spec.ts","",""
"","16596","Open account button opens the sign up form","chromium","2026-06-16","passed","2026-06-16","[CYSEC EN] Header auth entry","header\header-auth.spec.ts","",""
"","9991","[background_banner_block_btn1_signup] opens the sign up form","chromium","2026-06-16","passed","2026-06-16","[CMA EN] Trading / Learn / Trading strategies","content\trading.spec.ts","",""
"","15745","Regional settings opens","chromium","2026-06-16","passed","2026-06-16","[CYSEC FR] Header regional settings","header\header-regional-settings.spec.ts","",""
"","8333","[tiles_w_img_btn2_signup] opens the sign up form","chromium","2026-06-16","skipped","2026-06-16","[CMA EN] Trading / Learn / Trading strategies","content\trading.spec.ts","",""
"","15644","Regional settings opens","chromium","2026-06-16","passed","2026-06-16","[CYSEC RO] Header regional settings","header\header-regional-settings.spec.ts","",""
"","15404","[banner_with_steps] opens the sign up form","chromium","2026-06-16","passed","2026-06-16","[CYSEC EN] Trading / Learn / All resources","content\trading.spec.ts","",""
"","10475","Switching language keeps the license","chromium","2026-06-16","passed","2026-06-16","[SCB MN] Header regional settings","header\header-regional-settings.spec.ts","",""
"","15910","Cyprus appears in the country search results","chromium","2026-06-16","passed","2026-06-16","[CYSEC EL] Header regional settings","header\header-regional-settings.spec.ts","",""
"","13406","[banner_with_steps] opens the sign up form","chromium","2026-06-16","failed","2026-06-16","[SCB DE] Pricing / Pricing","content\pricing.spec.ts","",""
"","9349","Albania can be selected","chromium","2026-06-16","passed","2026-06-16","[SCB AR] Header regional settings","header\header-regional-settings.spec.ts","",""
"","8633","[banner_with_steps] opens the sign up form","chromium","2026-06-16","passed","2026-06-16","[CMA AR] Trading / Learn / Trading psychology","content\trading.spec.ts","",""
"","15683","Entity matches the license","chromium","2026-06-16","passed","2026-06-16","[CYSEC IT] Header regional settings","header\header-regional-settings.spec.ts","",""
"","15126","[banner_with_steps] opens the sign up form","chromium","2026-06-16","passed","2026-06-16","[CYSEC EL] Trading / Learn / Technical analysis","content\trading.spec.ts","",""
"","8556","[tiles_w_img_btn2_signup] opens the sign up form","chromium","2026-06-16","skipped","2026-06-16","[SCB RU] Trading / Learn / Trading strategies","content\trading.spec.ts","",""
"","8778","Login button opens the login form","chromium","2026-06-16","passed","2026-06-16","[ASIC EN] Header auth entry","header\header-auth.spec.ts","",""
"","15377","[banner_with_steps] opens the sign up form","chromium","2026-06-16","passed","2026-06-16","[CYSEC PL] Trading / Learn / All resources","content\trading.spec.ts","",""
"","8649","Switching language keeps the license","chromium","2026-06-16","skipped","2026-06-16","[ASIC EN] Header regional settings","header\header-regional-settings.spec.ts","",""
"","16125","Logo opens main page","chromium","2026-06-16","passed","2026-06-16","[CYSEC DE] Header navigation","header\header-navigation.spec.ts","",""
"","15533","[banner_with_steps] opens the sign up form","chromium","2026-06-16","passed","2026-06-16","[CYSEC EN] Trading / Learn / Technical analysis","content\trading.spec.ts","",""
"","15640","Login button opens the login form","chromium","2026-06-16","passed","2026-06-16","[CYSEC FR] Header auth entry","header\header-auth.spec.ts","",""
"","8544","[banner_with_steps] opens the sign up form","chromium","2026-06-16","passed","2026-06-16","[SCB RU] Trading / Learn / Trading psychology","content\trading.spec.ts","",""
"","10607","Switching language keeps the license","chromium","2026-06-16","passed","2026-06-16","[SCB ZH_HANT] Header regional settings","header\header-regional-settings.spec.ts","",""
"","16736","Switching language keeps the license","chromium","2026-06-16","passed","2026-06-16","[CYSEC FR] Header regional settings","header\header-regional-settings.spec.ts","",""
"","9012","Open account button opens the sign up form","chromium","2026-06-16","passed","2026-06-16","[SCB ZH_HANS] Header auth entry","header\header-auth.spec.ts","",""
"","9274","Country dropdown opens with a search box","chromium","2026-06-16","passed","2026-06-16","[ASIC EN] Header regional settings","header\header-regional-settings.spec.ts","",""
"","15138","[banner_with_steps] opens the sign up form","chromium","2026-06-16","passed","2026-06-16","[CYSEC FR] Trading / Learn / All resources","content\trading.spec.ts","",""
"","15278","[banner_with_steps] opens the sign up form","chromium","2026-06-16","passed","2026-06-16","[CYSEC PL] Pricing / Pricing","content\pricing.spec.ts","",""
"","13832","[banner_with_steps] opens the sign up form","chromium","2026-06-16","failed","2026-06-16","[SCB FR] Pricing / Pricing","content\pricing.spec.ts","",""
"","8494","[background_banner_block_btn2_demo] opens the sign up form","chromium","2026-06-16","passed","2026-06-16","[ASIC EN] Trading / Learn / All resources","content\trading.spec.ts","",""
"","15554","[background_banner_block_btn1_signup] opens the sign up form","chromium","2026-06-16","passed","2026-06-16","[CYSEC DE] Trading / Learn / All resources","content\trading.spec.ts","",""
"","9940","Login button opens the login form","chromium","2026-06-16","passed","2026-06-16","[SCB AR] Header auth entry","header\header-auth.spec.ts","",""
"","15653","Open account button opens the sign up form","chromium","2026-06-16","passed","2026-06-16","[CYSEC NL] Header auth entry","header\header-auth.spec.ts","",""
"","15130","[background_banner_block_btn2_demo] opens the sign up form","chromium","2026-06-16","passed","2026-06-16","[CYSEC EN] Trading / Learn / All resources","content\trading.spec.ts","",""
"","9945","Login button opens the login form","chromium","2026-06-16","passed","2026-06-16","[SCB ZH_HANT] Header auth entry","header\header-auth.spec.ts","",""
"","15929","Country dropdown opens with a search box","chromium","2026-06-16","passed","2026-06-16","[CYSEC PL] Header regional settings","header\header-regional-settings.spec.ts","",""
"","20303","Cyprus appears in the country search results","chromium","2026-06-16","passed","2026-06-16","[CYSEC RO] Header regional settings","header\header-regional-settings.spec.ts","",""
"","8814","[banner_with_steps] opens the sign up form","chromium","2026-06-16","passed","2026-06-16","[SCB FR] Trading / Learn / Technical analysis","content\trading.spec.ts","",""
"","9003","[background_banner_block_btn1_signup] opens the sign up form","chromium","2026-06-16","passed","2026-06-16","[SCB EN] Trading / Learn / Trading strategies","content\trading.spec.ts","",""
"","10054","Entity matches the license","chromium","2026-06-16","passed","2026-06-16","[SCB ZH_HANT] Header regional settings","header\header-regional-settings.spec.ts","",""
"","8593","[banner_with_steps] opens the sign up form","chromium","2026-06-16","passed","2026-06-16","[SCB VI] Pricing / Pricing","content\pricing.spec.ts","",""
"","8407","[background_banner_block_btn2_demo] opens the sign up form","chromium","2026-06-16","passed","2026-06-16","[CMA EN] Trading / Learn / Trading strategies","content\trading.spec.ts","",""
"","8419","[background_banner_block_btn2_demo] opens the sign up form","chromium","2026-06-16","passed","2026-06-16","[CMA EN] Trading / Learn / All resources","content\trading.spec.ts","",""
"","9156","Login button opens the login form","chromium","2026-06-16","passed","2026-06-16","[CMA AR] Header auth entry","header\header-auth.spec.ts","",""
"","16045","Cyprus can be selected","chromium","2026-06-16","passed","2026-06-16","[CYSEC FR] Header regional settings","header\header-regional-settings.spec.ts","",""
"","8608","Entity matches the license","chromium","2026-06-16","passed","2026-06-16","[SCB MN] Header regional settings","header\header-regional-settings.spec.ts","",""
"","15614","Regional settings opens","chromium","2026-06-16","passed","2026-06-16","[CYSEC EL] Header regional settings","header\header-regional-settings.spec.ts","",""
"","8968","Open account button opens the sign up form","chromium","2026-06-16","passed","2026-06-16","[SCB RU] Header auth entry","header\header-auth.spec.ts","",""
"","9573","Logo opens main page","chromium","2026-06-16","passed","2026-06-16","[SCB ES] Header navigation","header\header-navigation.spec.ts","",""
"","22111","Country dropdown opens with a search box","chromium","2026-06-16","passed","2026-06-16","[CYSEC RO] Header regional settings","header\header-regional-settings.spec.ts","",""
"","15461","[background_banner_block_btn2_demo] opens the sign up form","chromium","2026-06-16","passed","2026-06-16","[CYSEC FR] Trading / Learn / Trading strategies","content\trading.spec.ts","",""
"","14983","[tiles_w_img_btn2_signup] opens the sign up form","chromium","2026-06-16","skipped","2026-06-16","[CYSEC HU] Trading / Learn / Trading strategies","content\trading.spec.ts","",""
"","11268","Switching language keeps the license","chromium","2026-06-16","passed","2026-06-16","[SCB ES] Header regional settings","header\header-regional-settings.spec.ts","",""
"","15164","[banner_with_steps] opens the sign up form","chromium","2026-06-16","passed","2026-06-16","[CYSEC IT] Trading / Learn / Technical analysis","content\trading.spec.ts","",""
"","9027","Regional settings opens","chromium","2026-06-16","passed","2026-06-16","[CMA AR] Header regional settings","header\header-regional-settings.spec.ts","",""
"","20172","[banner_with_steps] opens the sign up form","chromium","2026-06-16","failed","2026-06-16","[CYSEC IT] Pricing / Pricing","content\pricing.spec.ts","",""
"","9345","[background_banner_block_btn2_demo] opens the sign up form","chromium","2026-06-16","passed","2026-06-16","[SCB DE] Trading / Learn / All resources","content\trading.spec.ts","",""
"","15102","[background_banner_block_btn1_signup] opens the sign up form","chromium","2026-06-16","passed","2026-06-16","[CYSEC EN] Trading / Learn / Trading strategies","content\trading.spec.ts","",""
"","8907","[banner_with_steps] opens the sign up form","chromium","2026-06-16","passed","2026-06-16","[CMA EN] Trading / Learn / Technical analysis","content\trading.spec.ts","",""
"","10474","Switching language keeps the license","chromium","2026-06-16","passed","2026-06-16","[SCB VI] Header regional settings","header\header-regional-settings.spec.ts","",""
"","15128","[background_banner_block_btn2_demo] opens the sign up form","chromium","2026-06-16","passed","2026-06-16","[CYSEC PL] Trading / Learn / All resources","content\trading.spec.ts","",""
"","8712","[banner_with_steps] opens the sign up form","chromium","2026-06-16","passed","2026-06-16","[SCB DE] Trading / Learn / Trading psychology","content\trading.spec.ts","",""
"","15095","[background_banner_block_btn2_demo] opens the sign up form","chromium","2026-06-16","passed","2026-06-16","[CYSEC HU] Trading / Learn / All resources","content\trading.spec.ts","",""
"","8825","Entity matches the license","chromium","2026-06-16","passed","2026-06-16","[SCB AR] Header regional settings","header\header-regional-settings.spec.ts","",""
"","8765","[background_banner_block_btn1_signup] opens the sign up form","chromium","2026-06-16","passed","2026-06-16","[FCA EN] Trading / Learn / Trading strategies","content\trading.spec.ts","",""
"","15061","[background_banner_block_btn2_demo] opens the sign up form","chromium","2026-06-16","passed","2026-06-16","[CYSEC FR] Trading / Learn / All resources","content\trading.spec.ts","",""
"","8431","[banner_with_steps] opens the sign up form","chromium","2026-06-16","passed","2026-06-16","[ASIC EN] Trading / Learn / Trading psychology","content\trading.spec.ts","",""
"","9041","Country dropdown opens with a search box","chromium","2026-06-16","passed","2026-06-16","[SCB DE] Header regional settings","header\header-regional-settings.spec.ts","",""
"","21451","Cyprus appears in the country search results","chromium","2026-06-16","passed","2026-06-16","[CYSEC NL] Header regional settings","header\header-regional-settings.spec.ts","",""
"","8769","Regional settings opens","chromium","2026-06-16","passed","2026-06-16","[CMA EN] Header regional settings","header\header-regional-settings.spec.ts","",""
"","9305","United Arab Emirates appears in the country search results","chromium","2026-06-16","passed","2026-06-16","[CMA EN] Header regional settings","header\header-regional-settings.spec.ts","",""
"","15092","[banner_with_steps] opens the sign up form","chromium","2026-06-16","passed","2026-06-16","[CYSEC NL] Trading / Learn / All resources","content\trading.spec.ts","",""
"","16186","Albania appears in the country search results","chromium","2026-06-16","passed","2026-06-16","[SCB VI] Header regional settings","header\header-regional-settings.spec.ts","",""
"","8458","[banner_with_steps] opens the sign up form","chromium","2026-06-16","passed","2026-06-16","[SCB DE] Trading / Learn / Technical analysis","content\trading.spec.ts","",""
"","9040","Regional settings opens","chromium","2026-06-16","passed","2026-06-16","[SCB ZH_HANS] Header regional settings","header\header-regional-settings.spec.ts","",""
"","15204","[banner_with_steps] opens the sign up form","chromium","2026-06-16","passed","2026-06-16","[CYSEC DE] Trading / Learn / All resources","content\trading.spec.ts","",""
